last_name, first_name,player_id,year,xwobacon,oz_swing_percent,whiff_percent,swing_percent,class2
Turner, Trea,607208,2023,0.68,37.5,30.3,53.4,B
Rutschman, Adley,668939,2023,0.6,22,15.5,38.9,E
Turner, Justin,457759,2023,0.535,24.1,18.3,45.1,D
India, Jonathan,663697,2023,0.531,19.7,20.5,39.3,B
Dalbec, Bobby,666915,2023,0.528,19.5,56,36.8,B
Stott, Bryson,681082,2023,0.524,29.7,14.9,45.6,D
Hernandez, Yonny,660634,2023,0.523,10.3,37.5,32.7,B
Phillips, Brett,621433,2023,0.523,16.7,63,38,B
Locastro, Tim,641796,2023,0.523,40.9,13.6,55,D
Horwitz, Spencer,687462,2023,0.521,15.4,26.7,32.6,B
Adrianza, Ehire,501303,2023,0.519,28.6,16.7,45.3,D
France, Ty,664034,2023,0.518,35.1,22.1,54.1,C
Soto, Livan,670869,2023,0.514,10.3,16,39.7,E
Stevenson, Cal,670276,2023,0.51,14.3,16.7,30.5,E
White, Eli,642201,2023,0.51,14.3,40,42.3,B
Williams, Luke,663897,2023,0.507,35,40,54.1,B
Huff, Sam,669087,2023,0.507,35.7,52.9,59.6,B
Tucker, Kyle,663656,2023,0.506,22.8,17.1,48.9,E
Beaty, Matt,607461,2023,0.502,35,15,52.6,D
Allen, Greg,656185,2023,0.502,19.2,36.7,47.6,B
Kessinger, Grae,666197,2023,0.502,14.3,22.2,34,B
Verdugo, Alex,657077,2023,0.501,22.7,14.2,39.8,E
Torres, Gleyber,650402,2023,0.501,25.9,21.5,46.5,B
McNeil, Jeff,643446,2023,0.496,27.5,15.2,51.1,D
Tromp, Chadwick,644433,2023,0.494,42.9,28.6,56.5,C
Perez, Roberto,547379,2023,0.49,26.8,29.4,44.2,B
Moore, Dylan,664238,2023,0.489,36.8,41.4,50.4,B
Bemboom, Anthony,621532,2023,0.489,21.1,11.8,40.5,E
Guerrero Jr., Vladimir,665489,2023,0.486,30.1,23.1,51.4,B
Ruiz, Esteury,665923,2023,0.485,34.6,25.1,52.3,C
Madris, Bligh,676632,2023,0.485,28.6,23.5,51.5,B
Alu, Jake,666906,2023,0.484,47.8,36.4,53.7,B
Baker, Luken,663609,2023,0.479,45.2,33.3,56,B
Kreidler, Ryan,668952,2023,0.478,40,41.7,50,B
Garcia, Luis,671277,2023,0.474,29.5,16.3,51,D
Rios, Edwin,621458,2023,0.471,31.6,38.9,47.1,B
Torrens, Luis,620443,2023,0.47,39,31.1,47.4,B
Salazar, Cesar,663967,2023,0.469,30.2,27.7,57.3,B
Motter, Taylor,600301,2023,0.469,17,32.7,48.5,B
Springer III, George,543807,2023,0.468,22,20.6,48,B
Ellis, Drew,656403,2023,0.468,15.9,23.1,41.1,B
Owings, Chris,572008,2023,0.466,44.4,35.1,60,B
Rocchio, Brayan,677587,2023,0.465,47.1,22.7,56.4,C
Serven, Brian,661531,2023,0.464,44.1,43.9,53.2,B
Young, Jared,676724,2023,0.464,31.3,27,50.7,B
Triolo, Jared,669707,2023,0.464,26.3,31,42.9,B
Lukes, Nathan,664770,2023,0.463,33.3,25,56.4,C
Hamilton, David,666152,2023,0.459,23.4,25,43.2,B
Witt Jr., Bobby,677951,2023,0.459,31.1,25.6,51.9,B
Hummel, Cooper,669450,2023,0.457,25,34,45.7,B
Toglia, Michael,669911,2023,0.457,36.8,42.9,51,B
Wallner, Matt,670242,2023,0.457,22.6,29.4,48.1,B
Lewis, Kyle,641786,2023,0.456,20.7,37.7,45.3,B
Burdick, Peyton,680814,2023,0.456,31.6,46.3,53.3,B
Lester, Josh,623507,2023,0.456,34.1,30.4,50,B
Campusano, Luis,669134,2023,0.455,41.7,28.3,60.5,C
La Stella, Tommy,600303,2023,0.455,28.3,25,38.5,B
Freeman, Freddie,518692,2023,0.455,25.3,22,49.2,B
Westburg, Jordan,676059,2023,0.455,32.4,24.4,53.2,C
Garlick, Kyle,664247,2023,0.454,27.9,38.3,39.2,B
Smith-Njigba, Canaan,675986,2023,0.454,26.6,36.6,44.7,B
Guthrie, Dalton,656495,2023,0.453,35.5,31.6,50.4,B
Choi, Ji Man,596847,2023,0.453,29.9,29.2,53.3,B
Hopkins, TJ,686759,2023,0.451,34.5,35.4,48,B
Singleton, Jon,572138,2023,0.451,31,25,42,B
Ramos, Heliot,671218,2023,0.448,28.9,19.3,53.3,D
Meadows, Austin,640457,2023,0.447,43.2,15.9,55.7,D
Edwards, Xavier,669364,2023,0.447,30.3,17.9,51.3,D
Stowers, Kyle,669065,2023,0.447,36.7,35.9,54.2,B
Albies, Ozzie,645277,2023,0.447,35.1,21,53.9,C
Alfaro, Jorge,595751,2023,0.446,55.7,34.8,64.5,B
Heineman, Tyler,623168,2023,0.446,27.6,23.1,45.6,B
Hall, Darick,669742,2023,0.446,23.5,13.6,57.1,E
Velazquez, Andrew,623205,2023,0.443,21.3,34.3,55.8,B
Velazquez, Nelson,676369,2023,0.442,34.8,31.9,55.4,B
Franco, Wander,677551,2023,0.442,25.2,14,44,D
Taylor, Samad,669392,2023,0.442,25.5,33.3,46,B
Leon, Sandy,506702,2023,0.442,28.1,24.7,45.1,B
Deluca, Jonny,676356,2023,0.441,44,26.3,59.4,C
Blanco, Dairon,680118,2023,0.439,30.5,35.6,51.1,B
Kelly, Carson,608348,2023,0.439,27.7,31.1,45.5,B
Gonzales, Nick,693304,2023,0.438,24.4,42.7,48.7,B
Bregman, Alex,608324,2023,0.438,19.6,15,39.1,E
Trammell, Taylor,666211,2023,0.438,18,41.4,43.4,B
Votto, Joey,458015,2023,0.437,31.3,31.2,48.9,B
Fry, David,681807,2023,0.437,39.4,35.2,59.9,B
Naylor, Bo,666310,2023,0.437,30.5,30,48.9,B
Cruz, Oneil,665833,2023,0.437,30.3,30.1,45.1,B
Ortiz, Joey,687401,2023,0.436,35.6,22.8,50.9,C
Hoerner, Nico,663538,2023,0.435,32.1,10.7,46.9,D
Montes, Coco,663796,2023,0.435,40.9,28.7,61.7,C
Andujar, Miguel,609280,2023,0.435,29.6,22.2,47.8,B
Peraza, Oswald,672724,2023,0.434,10.7,16.1,38.4,E
Mercado, Oscar,640458,2023,0.434,30.8,23.3,53.6,B
Haseley, Adam,656514,2023,0.433,27.1,27.1,54.3,B
Wade, Tyler,642180,2023,0.432,26.3,28.4,42.8,B
Johnson, Bryce,669369,2023,0.432,29.1,28.9,47.2,B
Busch, Michael,683737,2023,0.43,28.6,29.2,48.2,B
Stubbs, Garrett,596117,2023,0.43,37.9,34.7,52.8,B
Yepez, Juan,660766,2023,0.429,30.6,21.1,49.5,B
Ramirez, Jose,608070,2023,0.429,27.8,15.5,47.1,D
Remillard, Zach,621545,2023,0.428,17.9,25.4,39.9,B
Haggerty, Sam,664059,2023,0.426,26.3,25.6,45.3,B
Chavis, Michael,656308,2023,0.424,30.4,32.4,54.1,B
Vientos, Mark,668901,2023,0.424,33.3,36.1,48.5,B
Eaton, Nate,681987,2023,0.424,31.3,35.9,49.5,B
Narvaez, Omar,553882,2023,0.423,26.7,13.5,45.1,D
Pache, Cristian,665506,2023,0.423,31.6,31.6,50.6,B
Ruf, Darin,573131,2023,0.422,16.4,26.6,35.6,B
Cordero, Franchy,614173,2023,0.422,31.3,39.8,50.7,B
Chang, Yu,644374,2023,0.421,35.4,28,54.7,C
Kwan, Steven,680757,2023,0.42,20.8,11.6,39.7,E
Mitchell, Garrett,669003,2023,0.419,22.4,40.2,45.1,B
Hill, Derek,656537,2023,0.419,30.8,23.5,48.9,B
Thompson, Trayce,572204,2023,0.418,19.8,42.5,38.4,B
Wynns, Austin,642851,2023,0.418,28.2,33.3,45.1,B
Sullivan, Brett,664954,2023,0.418,28.2,20,47.8,D
Amaya, Miguel,665804,2023,0.417,28.6,27.4,46.5,B
Acuna Jr., Ronald,660670,2023,0.417,22.6,19.5,45.7,E
Bichette, Bo,666182,2023,0.417,35.9,19.8,56.3,D
Monasterio, Andruw,655316,2023,0.416,15,22.6,35.5,B
Davis, Henry,680779,2023,0.416,28.2,28.1,42.5,B
Lamb, Jake,571875,2023,0.416,27.2,33.1,51.1,B
Arraez, Luis,650333,2023,0.416,31.8,7.2,49.5,D
Vosler, Jason,613564,2023,0.414,27.7,37.7,50.2,B
Hilliard, Sam,656541,2023,0.414,24.7,42,43.2,B
Reyes, Franmil,614177,2023,0.413,28.7,35.2,48.5,B
Nevin, Tyler,663527,2023,0.413,27.9,19,53.8,D
Fletcher, David,664058,2023,0.412,33.3,18.5,53.6,D
Thompson, Bubba,669352,2023,0.412,32.5,37.4,52.3,B
Vavra, Terrin,679631,2023,0.411,31.8,27.7,52.8,B
O'Hoppe, Logan,681351,2023,0.411,30.5,35.3,50.2,B
Urias, Luis,649966,2023,0.411,21.6,26.1,38.5,B
Miller, Brad,543543,2023,0.41,26.2,23.5,40.3,B
Bride, Jonah,681146,2023,0.409,19,19.6,33.8,E
Voit III, Luke,572228,2023,0.409,27.6,40.7,49.3,B
Walsh, Jared,665120,2023,0.409,24.1,43.3,41.9,B
Brujan, Vidal,660644,2023,0.409,36.9,20.8,53.8,C
Nido, Tomas,621512,2023,0.408,51.8,35,62.1,B
Mathias, Mark,664029,2023,0.408,14.8,28.7,39.8,B
Herrera, Jose,645444,2023,0.408,17.5,16.2,36.2,E
Ford, Mike,645801,2023,0.408,24.3,30.3,43,B
Azocar, Jose,640492,2023,0.408,53.9,20.5,59.6,C
Frazier, Clint,640449,2023,0.407,20.7,28.2,44.4,B
Adams, Riley,656180,2023,0.407,32.1,28.9,53,B
Marisnick, Jake,545350,2023,0.407,33.3,29.1,59.4,B
Mastrobuoni, Miles,670156,2023,0.407,24.7,25.7,36,B
Dixon, Brandon,641525,2023,0.406,37.7,35.9,49.6,B
Hensley, David,682073,2023,0.406,18.3,29.1,37.7,B
Garcia, Avisail,541645,2023,0.405,32,34.4,54.6,B
Ramos, Henry,592656,2023,0.404,23.5,25,45.1,B
Capel, Conner,668843,2023,0.403,20,29.3,41.6,B
Cave, Jake,595909,2023,0.403,23.3,25,42.9,B
Freeman, Tyler,671289,2023,0.403,26.5,15.8,43.9,D
Garver, Mitch,641598,2023,0.403,18.7,28.6,39.2,B
McKinney, Billy,641856,2023,0.402,24.3,27.3,52.2,B
Semien, Marcus,543760,2023,0.402,22,18.5,48.7,E
Slater, Austin,596103,2023,0.402,23.9,28.2,43.4,B
Perkins, Blake,663368,2023,0.401,16.6,22.1,38.2,B
Sosa, Lenyn,672820,2023,0.401,42.6,23.3,50.4,C
Brosseau, Mike,670712,2023,0.4,28.7,31.3,48.2,B
Matos, Luis,682641,2023,0.399,24.2,20,45.1,D
Grissom, Vaughn,687093,2023,0.398,33.6,21,55.4,C
Dozier, Hunter,641531,2023,0.398,28.9,33.1,47.4,B
McKenna, Ryan,663630,2023,0.398,29.8,33.5,51.4,B
Casali, Curt,592200,2023,0.398,22.1,24.8,46,B
Taylor, Tyrone,621438,2023,0.397,38.3,29.8,54.1,B
Diaz, Jordan,672478,2023,0.397,37,30.4,57.8,B
Barnhart, Tucker,571466,2023,0.397,28.9,22,47,B
Bart, Joey,663698,2023,0.397,29.3,28.4,49.2,B
Colas, Oscar,693049,2023,0.397,38.7,27.3,50.8,C
O'Neill, Tyler,641933,2023,0.397,29.2,32.6,45.9,B
Mervis, Matt,670223,2023,0.396,28.4,33.3,50.4,B
Gonzalez, Oscar,660757,2023,0.396,48.1,28.4,56.4,C
Reyes, Pablo,622569,2023,0.396,22.8,18.5,43.9,E
Gonzalez, Romy,663853,2023,0.396,36.6,38.1,49.9,B
Donaldson, Josh,518626,2023,0.395,30.8,25.9,47,B
Guillorme, Luis,641645,2023,0.395,20.5,17.6,39.2,E
Maile, Luke,571912,2023,0.395,26.2,28.9,44,B
Murphy, Tom,608596,2023,0.395,30.2,33.2,51.2,B
Wallach, Chad,595453,2023,0.395,29,37.8,48.4,B
Waters, Drew,671221,2023,0.394,35,34,51.3,B
Wisely, Brett,689172,2023,0.393,34.6,29.4,53,B
Daza, Yonathan,602074,2023,0.392,45.1,19.7,57.1,D
Zunino, Mike,572287,2023,0.392,32.8,42.8,46.7,B
Montero, Elehuris,660707,2023,0.391,44.9,41.4,51.2,B
Gallagher, Cam,595956,2023,0.391,27.5,22.1,48.4,B
Davis, Jonathan,641505,2023,0.391,21.4,26.4,43.7,B
Smith, Kevin,675656,2023,0.39,42.5,31,54.4,B
De La Cruz, Elly,682829,2023,0.39,37.2,30.5,46.4,B
Valdez, Enmanuel,665839,2023,0.39,26.9,25,43.1,B
Duvall, Adam,594807,2023,0.389,31.5,27.5,48.3,B
Barnes, Austin,605131,2023,0.388,20.6,23.6,40.8,B
Lewis, Royce,668904,2023,0.388,32.1,31.7,50.8,B
Fletcher, Dominic,666150,2023,0.388,33.3,21.5,50.1,C
Hosmer, Eric,543333,2023,0.387,38.4,23.6,52.1,C
Fermin, Freddy,666023,2023,0.387,32.7,27,53.3,C
Jones, Nolan,666134,2023,0.387,25.3,30.6,39.2,B
Zavala, Seby,664874,2023,0.385,38.9,38.6,57,B
Delay, Jason,641511,2023,0.385,30.7,28.6,51.2,B
Sanchez, Gary,596142,2023,0.385,27.3,28.4,40.7,B
Alberto, Hanser,593643,2023,0.384,50.3,19.8,66.7,D
Aguilar, Jesus,542583,2023,0.384,34.4,23.9,46.7,C
Benson, Will,666181,2023,0.383,17.9,26.7,42.3,B
Vargas, Ildemaro,545121,2023,0.383,34.1,11.6,46.4,D
Smith, Josh H.,669701,2023,0.383,21.5,24.2,39.7,B
Harrison, Josh,543281,2023,0.383,31.7,22,50.8,B
McGuire, Reese,624512,2023,0.382,37.1,22.4,51.9,C
Duffy, Matt,622110,2023,0.382,28.7,23.8,49.5,B
Dickerson, Corey,572816,2023,0.382,48.1,24.1,59.3,C
Villar, David,681584,2023,0.382,25.3,36.7,42.8,B
Knizner, Andrew,668800,2023,0.38,39.2,26.9,56.3,C
Pillar, Kevin,607680,2023,0.379,39,25.8,55.3,C
Moniak, Mickey,666160,2023,0.379,45.7,33.6,63,B
Julien, Edouard,666397,2023,0.379,16.3,34.8,40.1,B
McCann, James,543510,2023,0.378,36.3,26.7,53.4,C
Bradley Jr., Jackie,598265,2023,0.378,34.3,32.6,53.4,B
Caratini, Victor,605170,2023,0.377,20.9,21,43.5,B
Short, Zack,670097,2023,0.377,14.8,16.9,41.8,E
Myers, Wil,571976,2023,0.376,29.7,36.8,43.3,B
Gordon, Nick,624503,2023,0.376,39.2,20.9,58.9,C
Arias, Gabriel,672356,2023,0.376,29.8,35.8,51.2,B
Palacios, Josh,641943,2023,0.376,27.2,25.3,52.2,B
Tapia, Raimel,606132,2023,0.375,41.4,28.7,48.9,C
Jeffers, Ryan,680777,2023,0.375,26.6,31,41.9,B
Biggio, Cavan,624415,2023,0.374,19,25.4,41.5,B
Stallings, Jacob,607732,2023,0.374,21.9,25,39.5,B
Isbel, Kyle,664728,2023,0.374,26.7,18.8,48.8,D
Pollock, AJ,572041,2023,0.374,34,25.3,51.3,C
Bauers, Jake,641343,2023,0.374,24.5,31.4,44.5,B
Trejo, Alan,676701,2023,0.374,37.7,24.5,53.1,C
Allen, Nick,669397,2023,0.373,28.6,17.5,48.3,D
O'Hearn, Ryan,656811,2023,0.373,27.5,25.6,49,B
Hampson, Garrett,641658,2023,0.373,27,26,42.5,B
Rogers, Jake,668670,2023,0.373,19.6,31.7,42.1,B
Bailey, Patrick,672275,2023,0.372,26.4,24.8,44.3,B
Longoria, Evan,446334,2023,0.372,28,27.8,42.5,B
Tauchman, Mike,643565,2023,0.372,16.9,25.8,41,B
Barrero, Jose,676480,2023,0.372,33.4,35.2,50.2,B
Polanco, Jorge,593871,2023,0.371,31,22.1,49.8,B
Ahmed, Nick,605113,2023,0.371,30.2,25.7,48.2,B
Schoop, Jonathan,570731,2023,0.371,33.2,29.8,52.6,B
Robles, Victor,645302,2023,0.37,27.4,21.6,53.1,B
Higashioka, Kyle,543309,2023,0.37,34.7,31,52.3,B
Odor, Rougned,596059,2023,0.37,29.7,26.1,49.6,B
Larnach, Trevor,663616,2023,0.37,23.2,37.2,40.6,B
Refsnyder, Rob,608701,2023,0.369,21.7,24,38.9,B
Brown, Seth,664913,2023,0.369,30.7,35.5,49,B
Moustakas, Mike,519058,2023,0.369,26.9,29.7,46.6,B
Stanton, Giancarlo,519317,2023,0.368,28,31.5,44.3,B
Altuve, Jose,514888,2023,0.368,30.4,20.2,42.5,D
d'Arnaud, Travis,518595,2023,0.368,22.9,28.7,48.1,B
Garrett, Stone,656448,2023,0.367,36.7,30.5,54.1,B
Espinal, Santiago,669289,2023,0.366,25.7,16.6,43.5,D
Cruz Jr., Nelson,443558,2023,0.366,39.4,36.1,52.3,B
Lopez, Nicky,670032,2023,0.366,23.2,22.8,44.4,B
Carpenter, Matt,572761,2023,0.365,22,29.3,41.7,B
Mejia, Francisco,642336,2023,0.365,48.7,21.9,58.7,C
Winker, Jesse,608385,2023,0.365,19.6,23.4,43.2,B
Nola, Austin,543592,2023,0.365,20.7,15.6,39.4,E
Moncada, Yoan,660162,2023,0.365,31.3,29.6,47.2,B
Clemens, Kody,665019,2023,0.364,30.1,27.9,47.6,B
Gallo, Joey,608336,2023,0.363,29,43,51.1,B
Jankowski, Travis,608671,2023,0.363,14.7,17.8,36.1,E
Carpenter, Kerry,681481,2023,0.363,31,26.8,50.4,B
Belt, Brandon,474832,2023,0.362,17.9,35.2,41,B
Perez, Carlos,542208,2023,0.362,30.6,22,46.1,B
Taylor, Chris,621035,2023,0.361,25.1,36.8,49,B
Bleday, JJ,668709,2023,0.361,21.8,25.4,44.8,B
Wisdom, Patrick,621550,2023,0.361,23.4,33.7,46.4,B
Caballero, Jose,676609,2023,0.361,24,20.1,41.3,D
Haniger, Mitch,571745,2023,0.361,25.1,26.8,46.8,B
Doyle, Brenton,686668,2023,0.361,30.6,36.2,52.2,B
Fairchild, Stuart,656413,2023,0.361,24.6,34.4,51.5,B
Baddoo, Akil,668731,2023,0.36,22.8,25.6,46.3,B
Schmitt, Casey,669477,2023,0.36,46.4,30.3,57.8,B
Escobar, Eduardo,500871,2023,0.36,36.7,22.3,49.3,C
Wendle, Joey,621563,2023,0.359,34,27.2,46.9,C
Morel, Christopher,666624,2023,0.358,26.7,34.9,49.4,B
Miranda, Jose,669304,2023,0.358,34.5,25.5,52,C
Hicks, Aaron,543305,2023,0.357,19.8,24,41.8,B
Arroyo, Christian,624414,2023,0.357,40.1,27.2,59.5,C
Wong, Kolten,543939,2023,0.357,26.8,21.1,46.5,B
Vogelbach, Daniel,596129,2023,0.357,19.8,21.5,34.5,B
Chisholm Jr., Jazz,665862,2023,0.357,24.7,35.8,42.6,B
Thaiss, Matt,642136,2023,0.356,19.5,33.3,44.8,B
Kirilloff, Alex,666135,2023,0.356,28,26.2,43.9,B
McCormick, Chas,676801,2023,0.355,29.6,29.6,47.6,B
Lowe, Brandon,664040,2023,0.354,31.7,33.3,52.5,B
Siri, Jose,642350,2023,0.353,34.7,41.5,49.5,B
Judge, Aaron,592450,2023,0.353,20.2,37.1,42.7,B
Calhoun, Willie,641432,2023,0.352,22.5,15.7,39.7,E
Sanchez, Jesus,660821,2023,0.352,31,28.8,51,B
Pederson, Joc,592626,2023,0.352,27.8,27.6,43.2,B
Hedges, Austin,595978,2023,0.352,32.5,26,52.3,C
Cabrera, Miguel,408234,2023,0.351,29.9,26.7,50.7,B
Wong, Connor,657136,2023,0.351,32.2,30.9,52.4,B
Cron, C.J.,543068,2023,0.35,29.5,28.9,46.2,B
Bader, Harrison,664056,2023,0.349,36.4,23,50.1,C
Carlson, Dylan,666185,2023,0.349,25.7,24.3,45.8,B
Thomas, Alek,677950,2023,0.349,28.8,25.6,48.6,B
Rivera, Emmanuel,656896,2023,0.349,28.1,22.8,48.9,B
Farmer, Kyle,571657,2023,0.348,33.1,26,47.3,C
Walker, Jordan,691023,2023,0.348,31.7,30.3,53.2,B
Pratto, Nick,668472,2023,0.347,23.9,33.6,40.5,B
Trevino, Jose,624431,2023,0.347,38.5,16.9,46.4,D
Crawford, Brandon,543063,2023,0.347,31.7,30.2,51.1,B
Jansen, Danny,643376,2023,0.347,26.9,24,48.9,B
Rendon, Anthony,543685,2023,0.347,16.8,17.8,39.7,E
Massey, Michael,686681,2023,0.346,33.1,29.7,51.4,B
Vazquez, Christian,543877,2023,0.346,28.3,25.9,44.9,B
Raley, Luke,670042,2023,0.346,30,39.7,51.9,B
Diaz, Yainer,673237,2023,0.345,48.5,27.5,62,C
Sabol, Blake,666165,2023,0.345,29,36.1,52.1,B
Maldonado, Martin,455117,2023,0.345,31.1,32.8,47.8,B
Sosa, Edmundo,624641,2023,0.345,44.3,27.8,59.8,C
McLain, Matt,680574,2023,0.345,24.7,24.7,42,B
Urias, Ramon,602104,2023,0.344,28.3,31.3,48.5,B
Mancini III, Trey,641820,2023,0.344,29.3,30.2,48.1,B
Gomes, Yan,543228,2023,0.344,37.8,24.8,52.7,C
DeJong, Paul,657557,2023,0.343,30.2,34.2,48.9,B
Heyward, Jason,518792,2023,0.343,25.8,21.5,45.1,B
Bethancourt, Christian,542194,2023,0.343,46.6,36.4,59.5,B
Laureano, Ramon,657656,2023,0.342,28.9,29.5,49.1,B
Castro, Willi,650489,2023,0.342,34.7,30.8,52.6,B
Castro, Rodolfo,666801,2023,0.341,26.2,32.2,47.6,B
Turang, Brice,668930,2023,0.341,26.3,26.4,48.2,B
Castro, Harold,605612,2023,0.341,45.2,27,57.6,C
Alvarez, Francisco,682626,2023,0.34,26.1,31,44.1,B
Flores, Wilmer,527038,2023,0.34,27.5,17.2,44.2,D
Madrigal, Nick,663611,2023,0.34,28.3,10.8,45.7,D
McCarthy, Jake,664983,2023,0.34,28.8,18.9,51.8,D
Fortes, Nick,663743,2023,0.34,23,16.7,42.6,E
Pham, Tommy,502054,2023,0.339,19.6,23,40,B
Greene, Riley,682985,2023,0.339,27.6,26.7,46.7,B
Ibanez, Andy,628451,2023,0.339,35.1,22.8,52.9,C
Neto, Zach,687263,2023,0.339,23.5,24.2,47.5,B
Rojas, Josh,668942,2023,0.339,27.9,24.2,44,B
Taylor, Michael A.,572191,2023,0.338,31.8,35.2,48.7,B
Sheets, Gavin,657757,2023,0.338,29.9,22.6,46.5,B
Noda, Ryan,676116,2023,0.337,18.1,36.9,41.7,B
Smith, Pavin,656976,2023,0.337,23.3,20.3,40.5,B
Baty, Brett,683146,2023,0.337,24.5,30,45,B
Cabrera, Oswaldo,665828,2023,0.337,28.8,22.7,50.3,B
Maton, Nick,665155,2023,0.336,25.6,32.2,44.3,B
Suwinski, Jack,669261,2023,0.336,16.1,30.2,36.8,B
Marcano, Tucupita,672779,2023,0.336,27,15.1,50.3,D
Meyers, Jake,676694,2023,0.336,25.5,27.5,47.1,B
Kepler, Max,596146,2023,0.336,25.3,21.2,46.6,B
Yastrzemski, Mike,573262,2023,0.335,18,22.5,40.2,B
Burger, Jake,669394,2023,0.335,41.4,35.4,55.4,B
Grichuk, Randal,545341,2023,0.335,33.2,28.2,49.3,C
Harper, Bryce,547180,2023,0.335,33,34.1,51.9,B
Senzel, Nick,669222,2023,0.335,24.8,22.5,49.2,B
Garcia, Maikel,672580,2023,0.334,17.9,18.3,42.5,E
Haase, Eric,606992,2023,0.334,35.7,31.2,53.1,B
Burleson, Alec,676475,2023,0.333,33.4,15.8,50,D
Solano, Donovan,456781,2023,0.332,27.1,23.1,44.6,B
Duran, Jarren,680776,2023,0.331,28.3,26,50,B
Alvarez, Yordan,670541,2023,0.33,26.1,23.5,43.9,B
Kiner-Falefa, Isiah,643396,2023,0.33,29.4,18,48,D
Muncy, Max,571970,2023,0.329,23.4,33,37.3,B
Diaz, Aledmys,649557,2023,0.329,35.7,22.6,52.6,C
Henderson, Gunnar,683002,2023,0.328,24.2,30.4,42.5,B
Nootbaar, Lars,663457,2023,0.328,17.8,20.5,36.6,B
Outman, James,681546,2023,0.328,25,39.3,46.3,B
Marsh, Brandon,669016,2023,0.327,25.7,27,42.6,B
Joe, Connor,656582,2023,0.327,18.1,25.6,37.7,B
Jimenez, Eloy,650391,2023,0.327,40.6,34.2,53.6,B
Walls, Taylor,670764,2023,0.327,17.7,24.5,43.4,B
Rooker Jr., Brent,667670,2023,0.326,25.6,39.9,46.1,B
Kiermaier, Kevin,595281,2023,0.326,27.4,29.2,48.9,B
Bellinger, Cody,641355,2023,0.326,28.6,22.7,48,B
Grossman, Robbie,543257,2023,0.325,16.8,21.5,38.8,A
Rojas, Miguel,500743,2023,0.325,37.9,18.6,51.7,A
Moreno, Gabriel,672515,2023,0.325,25.1,22.3,41.9,A
Bae, Ji Hwan,678225,2023,0.325,33.1,25.6,49.7,A
Andrus, Elvis,462101,2023,0.325,27.3,21.9,43.3,A
Buxton, Byron,621439,2023,0.325,29.3,29.5,50.8,A
Julks, Corey,667452,2023,0.325,30.9,26.5,45.3,A
Murphy, Sean,669221,2023,0.324,23.6,27.1,47.2,A
Duran, Ezequiel,677649,2023,0.324,38.3,29.5,54,A
Rengifo, Luis,650859,2023,0.323,27.2,25.6,49.2,A
Kirk, Alejandro,672386,2023,0.323,27.8,14.6,43.9,A
Cooper, Garrett,643265,2023,0.323,38.5,30.3,51.5,A
Casas, Triston,671213,2023,0.323,23.6,27.5,44.5,A
Bryant, Kris,592178,2023,0.323,25.6,24,46.4,A
Margot, Manuel,622534,2023,0.323,27.5,23,48.3,A
Gurriel, Yuli,493329,2023,0.323,31,15.1,46.2,A
Newman, Kevin,621028,2023,0.322,26.9,15,46.5,A
Gorman, Nolan,669357,2023,0.322,26.5,33.3,47.7,A
Peralta, David,444482,2023,0.322,29.5,20.9,52.6,A
Mateo, Jorge,622761,2023,0.321,37.1,29.8,52.4,A
Harris II, Michael,671739,2023,0.321,36.9,25.2,52.7,A
Suzuki, Seiya,673548,2023,0.321,18.7,21,38.6,A
Canha, Mark,592192,2023,0.321,23.1,20.2,40,A
Conforto, Michael,624424,2023,0.32,23.8,25.8,44.3,A
Perdomo, Geraldo,672695,2023,0.32,16.9,14.5,39.2,A
Wiemer Jr., Joey,686894,2023,0.32,28.1,34.2,46.6,A
Langeliers, Shea,669127,2023,0.319,32.1,31.6,51.3,A
Vierling, Matt,663837,2023,0.319,28.8,16.5,44.6,A
Call, Alex,669743,2023,0.319,21.7,18.8,40.9,A
Seager, Corey,608369,2023,0.319,24,23.9,51.8,A
Peterson, Jace,607054,2023,0.319,22.6,22.5,42.6,A
Grisham, Trent,663757,2023,0.318,24.2,30.8,43.8,A
Fraley, Jake,641584,2023,0.318,28.1,22.5,50.8,A
Grandal, Yasmani,518735,2023,0.318,29.8,25.8,46.6,A
Ramirez, Harold,623912,2023,0.317,42.9,30.2,55.4,A
Lowe, Josh,666139,2023,0.316,37.3,33,54.3,A
Mullins II, Cedric,656775,2023,0.316,23,24.3,46.8,A
Arcia, Orlando,606115,2023,0.316,27.3,24.6,46.5,A
Raleigh, Cal,663728,2023,0.315,30.6,28,49.9,A
Berti, Jon,542932,2023,0.315,20.5,20,45.1,A
Kelenic, Jarred,672284,2023,0.315,28.2,33.8,46.6,A
Olivares, Edward,658668,2023,0.314,31.5,22.1,50.6,A
Miller, Owen,680911,2023,0.313,30.5,17.3,47,A
Urshela, Gio,570482,2023,0.313,37,18.8,54.8,A
Blackmon, Charlie,453568,2023,0.312,27,20,47.4,A
Friedl Jr., TJ,670770,2023,0.311,22.1,19,39.9,A
Anderson, Brian,605119,2023,0.311,26.4,32.8,47.6,A
Mountcastle, Ryan,663624,2023,0.309,41.4,29.3,57.7,A
McKinstry, Zach,656716,2023,0.308,26.3,19.6,46.9,A
Martinez, J.D.,502110,2023,0.308,32.5,34.6,53.5,A
Contreras, William,661388,2023,0.307,24.2,26.5,42,A
Ozuna, Marcell,542303,2023,0.307,28.1,28,48.9,A
Kemp, Tony,643393,2023,0.307,22.1,13.6,45.9,A
Davis, J.D.,605204,2023,0.307,25.4,33,52,A
Smith, Will,669257,2023,0.306,21.3,18.1,41.6,A
Brennan, Will,686823,2023,0.305,38.4,20.2,56.9,A
Wade Jr., LaMonte,664774,2023,0.305,16.2,20.4,37.3,A
Tellez, Rowdy,642133,2023,0.305,24.9,20.5,38.3,A
Segura, Jean,516416,2023,0.304,37.5,20.2,50.9,A
Rosario, Eddie,592696,2023,0.302,41.9,28.8,57.5,A
Melendez Jr., MJ,669004,2023,0.301,28.5,36.4,47.7,A
Volpe, Anthony,683011,2023,0.301,29.4,30.2,48.8,A
Anderson, Tim,641313,2023,0.301,32.9,24.8,52.1,A
LeMahieu, DJ,518934,2023,0.3,25.9,20.5,42,A
Vargas, Miguel,678246,2023,0.3,20.6,21.8,44.4,A
McCutchen, Andrew,457705,2023,0.3,18.5,27.1,41.5,A
Realmuto, J.T.,592663,2023,0.299,30.1,25.8,49.2,A
Kim, Ha-Seong,673490,2023,0.299,19.5,19.5,38.6,A
Schwarber, Kyle,656941,2023,0.299,23.8,32.4,40.5,A
Contreras, Willson,575929,2023,0.298,32.4,28.2,50.5,A
Paredes, Isaac,670623,2023,0.298,26.5,17.4,43.5,A
Abrams, CJ,682928,2023,0.298,39,24.2,55.4,A
McMahon, Ryan,641857,2023,0.298,23.5,31.1,46.5,A
Stephenson, Tyler,663886,2023,0.297,25.5,30.3,41.3,A
Pasquantino, Vinnie,686469,2023,0.297,32.4,17.4,46.5,A
Adames, Willy,642715,2023,0.296,32.3,30.8,49.5,A
Taveras, Leody,665750,2023,0.296,25.9,24.1,49.1,A
Trout, Mike,545361,2023,0.295,19.6,29.2,44.2,A
Happ, Ian,664023,2023,0.294,22.1,26.1,44.1,A
Bell, Josh,605137,2023,0.294,27.4,25.8,46.7,A
Diaz, Elias,553869,2023,0.294,34.5,26.7,53.2,A
Drury, Brandon,592273,2023,0.293,34.5,29.5,50.3,A
Tovar, Ezequiel,678662,2023,0.293,38.4,29.7,58.2,A
Hernandez, Enrique,571771,2023,0.292,26.1,25.9,44.9,A
Suarez, Eugenio,553993,2023,0.292,23.7,32.7,44.6,A
Chapman, Matt,656305,2023,0.292,20.6,30.1,43.7,A
Hernandez, Teoscar,606192,2023,0.291,35.1,35,52.5,A
Hays, Austin,669720,2023,0.29,29.8,26.7,45.3,A
Arozarena, Randy,668227,2023,0.289,24.7,30.3,41.3,A
Donovan, Brendan,680977,2023,0.289,22.8,15.1,41.7,A
Reynolds, Bryan,668804,2023,0.288,23.1,26.3,46.5,A
Estrada, Thairo,642731,2023,0.288,38.5,20.4,51.4,A
Crawford, J.P.,641487,2023,0.287,19.6,18.6,38.8,A
Robert Jr., Luis,673357,2023,0.287,38.9,33.3,55.5,A
Rizzo, Anthony,519203,2023,0.286,33.9,24,48.1,A
Correa, Carlos,621043,2023,0.285,27.4,26.3,43.5,A
Alonso, Pete,624413,2023,0.285,26.4,24.4,42.5,A
Tatis Jr., Fernando,665487,2023,0.284,30.8,27.4,55.4,A
Straw, Myles,664702,2023,0.284,24.4,13.5,42.8,A
Soto, Juan,665742,2023,0.284,14.7,22.6,33.8,A
Frazier, Adam,624428,2023,0.284,29.9,17.1,48.2,A
Soler, Jorge,624585,2023,0.283,24.2,26.9,44.6,A
Bohm, Alec,664761,2023,0.282,30.2,17.1,48.5,A
Olson, Matt,621566,2023,0.28,28.2,32,48.2,A
Pena, Jeremy,665161,2023,0.279,36.3,29.3,52.8,A
Machado, Manny,592518,2023,0.279,32.4,24.5,50.9,A
Heim, Jonah,641680,2023,0.279,33.3,21.5,53.7,A
Jung, Josh,673962,2023,0.278,30.9,27.7,50.1,A
Perez, Salvador,521692,2023,0.278,45.6,31.3,59.9,A
Yelich, Christian,592885,2023,0.278,22.8,25.8,43.6,A
Carroll, Corbin,682998,2023,0.277,25.9,20.3,44.7,A
Diaz, Yandy,650490,2023,0.277,20,17.8,42.7,A
Marte, Starling,516782,2023,0.277,36.6,26.1,53.7,A
De La Cruz, Bryan,650559,2023,0.276,33.6,30,48.2,A
Merrifield, Whit,593160,2023,0.273,31.7,19.5,50.2,A
Edman, Tommy,669242,2023,0.269,29.7,17,46.3,A
Varsho, Daulton,662139,2023,0.268,28.7,24.4,51.3,A
Hayes, Ke'Bryan,663647,2023,0.267,31.8,19.7,45.2,A
Cronenworth, Jake,630105,2023,0.266,24.4,18.3,45.8,A
Torkelson, Spencer,679529,2023,0.265,23.5,23.7,45.8,A
Dubon, Mauricio,643289,2023,0.263,41,16.5,59.5,A
Santana, Carlos,467793,2023,0.262,24.8,23.9,46.2,A
Santander, Anthony,623993,2023,0.261,36.6,24.7,50.7,A
Gurriel Jr., Lourdes,666971,2023,0.26,28.6,17.7,47.3,A
Renfroe, Hunter,592669,2023,0.259,36.3,25.2,53.8,A
Naylor, Josh,647304,2023,0.259,40.3,20.7,54.9,A
Ward, Taylor,621493,2023,0.258,24.5,21.6,45.2,A
Candelario, Jeimer,600869,2023,0.254,28.6,23.2,48.9,A
Swanson, Dansby,621020,2023,0.252,22.6,28.4,45.1,A
Profar, Jurickson,595777,2023,0.252,25.4,20.3,48,A
Gimenez, Andres,665926,2023,0.251,39.6,24.5,54,A
Bogaerts, Xander,593428,2023,0.247,24.4,21.2,42,A
Garcia, Adolis,666969,2023,0.247,28.5,29.6,48.6,A
Castellanos, Nick,592206,2023,0.247,39.5,34.8,55.3,A
Thomas, Lane,657041,2023,0.244,26.6,22.4,42.7,A
Nimmo, Brandon,607043,2023,0.243,20.7,24,43.2,A
Abreu, Jose,547989,2023,0.243,35.6,25.9,50.1,A
Steer, Spencer,668715,2023,0.242,20.8,23.3,42,A
Goldschmidt, Paul,502671,2023,0.239,25.4,27.8,43.4,A
Baez, Javier,595879,2023,0.236,45.8,31.8,56.4,A
Lindor, Francisco,596019,2023,0.235,26.2,24.3,47.7,A
Rodriguez, Julio,677594,2023,0.235,36.3,29.2,52.9,A
Devers, Rafael,646240,2023,0.235,33.2,27.4,53.5,A
Ruiz, Keibert,660688,2023,0.234,34,13.1,51.7,A
Ohtani, Shohei,660271,2023,0.215,29.7,30.9,47.8,A
Yoshida, Masataka,807799,2023,0.209,25.3,17.3,40.4,A
Meneses, Joey,608841,2023,0.196,31.8,23.9,48.6,A
Riley, Austin,663586,2023,0.196,26.2,26,47.7,A
Vaughn, Andrew,683734,2023,0.183,27.9,24.1,43.4,A
Smith, Dominic,642086,2023,0.179,30.7,19.3,50.1,A
Rosario, Amed,642708,2023,0.174,38.2,24.4,52.7,A
Marte, Ketel,606466,2023,0.171,24,20.2,45.2,A
Arenado, Nolan,571448,2023,0.168,33.8,22.6,48.7,A
Walker, Christian,572233,2023,0.162,26.6,24.5,49.7,A
Lowe, Nathaniel,663993,2023,0.14,21.8,20.5,43.6,A
Benintendi, Andrew,643217,2023,0.134,25.8,18.7,48.5,A
Betts, Mookie,605141,2023,0.097,16.3,18.8,38.3,A
